repeat,pair,classifier_group,tau,equivalent_tau_paths,cumulative_return,annualized_return,sharpe,calmar,max_drawdown,stronger_model,stronger_sharpe,delta_sharpe
0,arima_lstm,1,0.22,1,0.1439856994499131,0.1439856994499131,0.61093685202347,0.5372895368592177,-0.2679853032158352,lstm,0.4871121416927579,0.12382471033071213
1,arima_lstm,1,0.22,1,0.1472950222374458,0.1472950222374458,0.6235012599588357,0.556183819331984,-0.2648315487033721,lstm,0.4871121416927579,0.13638911826607775
2,arima_lstm,1,0.22,1,0.1380698773119812,0.1380698773119812,0.5933322197126698,0.5186755523774321,-0.2661970024982206,lstm,0.4871121416927579,0.1062200780199119
3,arima_lstm,1,0.22,1,0.1457062166619072,0.1457062166619072,0.616509715911305,0.5440913735330767,-0.2677973291797638,lstm,0.4871121416927579,0.12939757421854708
4,arima_lstm,1,0.22,1,0.149569850238278,0.149569850238278,0.6301304222072046,0.5656723703186799,-0.2644107403619796,lstm,0.4871121416927579,0.1430182805144467
5,arima_lstm,1,0.22,1,0.1470534649425623,0.1470534649425623,0.6226713069421196,0.5561554146448264,-0.2644107403619796,lstm,0.4871121416927579,0.13555916524936168
6,arima_lstm,1,0.22,1,0.1482578701225891,0.1482578701225891,0.6264701516182906,0.5598195186656075,-0.2648315487033721,lstm,0.4871121416927579,0.13935800992553266
7,arima_lstm,1,0.22,1,0.146383269683995,0.146383269683995,0.6206231454998744,0.5536207397762876,-0.2644107403619796,lstm,0.4871121416927579,0.1335110038071165
8,arima_lstm,1,0.22,1,0.147066305259488,0.147066305259488,0.6226926000913972,0.5562039766544791,-0.2644107403619796,lstm,0.4871121416927579,0.13558045839863925
9,arima_lstm,1,0.22,1,0.1471158226640321,0.1471158226640321,0.6229221668125828,0.5564811838485069,-0.264368009079139,lstm,0.4871121416927579,0.13581002511982493
10,arima_lstm,1,0.22,1,0.1448709976740803,0.1448709976740803,0.615763033176343,0.5476055167082552,-0.2645535759846306,lstm,0.4871121416927579,0.12865089148358505
11,arima_lstm,1,0.22,1,0.1495476588521083,0.1495476588521083,0.6302028478994841,0.5655884426153672,-0.2644107403619796,lstm,0.4871121416927579,0.1430907062067262
12,arima_lstm,1,0.22,1,0.1459870267936938,0.1459870267936938,0.6193821650571565,0.5521221512932373,-0.2644107403619796,lstm,0.4871121416927579,0.13227002336439858
13,arima_lstm,1,0.22,1,0.1429583687796904,0.1429583687796904,0.6081634950841069,0.5337441495835313,-0.2678406290565203,lstm,0.4871121416927579,0.12105135339134904
14,arima_lstm,1,0.22,1,0.1476520116770479,0.1476520116770479,0.6247713038086843,0.558810874346615,-0.2642253729397961,lstm,0.4871121416927579,0.13765916211592638
15,arima_lstm,1,0.22,1,0.1466509746490976,0.1466509746490976,0.6211743759405847,0.5543337454550884,-0.2645535759846306,lstm,0.4871121416927579,0.13406223424782676
16,arima_lstm,1,0.22,1,0.1477664346089255,0.1477664346089255,0.6251047608792908,0.5592439248542351,-0.2642253729397961,lstm,0.4871121416927579,0.13799261918653288
17,arima_lstm,1,0.22,1,0.1488376469946177,0.1488376469946177,0.628244502496176,0.5632980865487529,-0.2642253729397961,lstm,0.4871121416927579,0.14113236080341812
18,arima_lstm,1,0.22,1,0.1419315462205548,0.1419315462205548,0.6049430453751969,0.532965668451864,-0.2663052324417659,lstm,0.4871121416927579,0.11783090368243904
19,arima_lstm,1,0.22,1,0.1408967661052063,0.1408967661052063,0.601447321655066,0.525421604524158,-0.2681594454662895,lstm,0.4871121416927579,0.11433517996230808
20,arima_lstm,1,0.22,1,0.1479483228221592,0.1479483228221592,0.6252431709582255,0.5595397623395222,-0.2644107403619796,lstm,0.4871121416927579,0.13813102926546755
21,arima_lstm,1,0.22,1,0.1460419899613154,0.1460419899613154,0.6169281337487069,0.5448280991194683,-0.2680515013769358,lstm,0.4871121416927579,0.12981599205594901
22,arima_lstm,1,0.22,1,0.146383269683995,0.146383269683995,0.6206231454998744,0.5536207397762876,-0.2644107403619796,lstm,0.4871121416927579,0.1335110038071165
23,arima_lstm,1,0.22,1,0.1421139999365772,0.1421139999365772,0.6053730952217287,0.5303052004389909,-0.2679853032158352,lstm,0.4871121416927579,0.11826095352897076
24,arima_lstm,1,0.22,1,0.1419373310298313,0.1419373310298313,0.6048151257063542,0.5296459519480254,-0.2679853032158352,lstm,0.4871121416927579,0.1177029840135963
25,arima_lstm,1,0.22,1,0.1486005682291071,0.1486005682291071,0.627330008903172,0.5620065509656387,-0.2644107403619796,lstm,0.4871121416927579,0.14021786721041413
26,arima_lstm,1,0.22,1,0.1479900970466154,0.1479900970466154,0.6255143848676225,0.5588084115022627,-0.2648315487033721,lstm,0.4871121416927579,0.13840224317486455
27,arima_lstm,1,0.22,1,0.1401379129765099,0.1401379129765099,0.5991252140857151,0.5225917466111657,-0.2681594454662895,lstm,0.4871121416927579,0.11201307239295716
28,arima_lstm,1,0.22,1,0.1479069731388935,0.1479069731388935,0.6254961920773091,0.5597758137050458,-0.2642253729397961,lstm,0.4871121416927579,0.1383840503845512
29,arima_lstm,1,0.22,1,0.1468754660797619,0.1468754660797619,0.6220992378031611,0.5554399212104926,-0.2644308780680913,lstm,0.4871121416927579,0.13498709611040322
0,arima_lstm,2,0.38,1,0.1555454464057446,0.1555454464057446,0.6429774062765925,0.5551115521330395,-0.2802057456885102,lstm,0.4871121416927579,0.1558652645838346
1,arima_lstm,2,0.38,1,0.1555454464057446,0.1555454464057446,0.6429774062765925,0.5551115521330395,-0.2802057456885102,lstm,0.4871121416927579,0.1558652645838346
2,arima_lstm,2,0.38,1,0.1555454464057446,0.1555454464057446,0.6429774062765925,0.5551115521330395,-0.2802057456885102,lstm,0.4871121416927579,0.1558652645838346
3,arima_lstm,2,0.38,1,0.1555454464057446,0.1555454464057446,0.6429774062765925,0.5551115521330395,-0.2802057456885102,lstm,0.4871121416927579,0.1558652645838346
4,arima_lstm,2,0.38,1,0.1555454464057446,0.1555454464057446,0.6429774062765925,0.5551115521330395,-0.2802057456885102,lstm,0.4871121416927579,0.1558652645838346
5,arima_lstm,2,0.38,1,0.1555454464057446,0.1555454464057446,0.6429774062765925,0.5551115521330395,-0.2802057456885102,lstm,0.4871121416927579,0.1558652645838346
6,arima_lstm,2,0.38,1,0.1555454464057446,0.1555454464057446,0.6429774062765925,0.5551115521330395,-0.2802057456885102,lstm,0.4871121416927579,0.1558652645838346
7,arima_lstm,2,0.38,1,0.1555454464057446,0.1555454464057446,0.6429774062765925,0.5551115521330395,-0.2802057456885102,lstm,0.4871121416927579,0.1558652645838346
8,arima_lstm,2,0.38,1,0.1555454464057446,0.1555454464057446,0.6429774062765925,0.5551115521330395,-0.2802057456885102,lstm,0.4871121416927579,0.1558652645838346
9,arima_lstm,2,0.38,1,0.1555454464057446,0.1555454464057446,0.6429774062765925,0.5551115521330395,-0.2802057456885102,lstm,0.4871121416927579,0.1558652645838346
10,arima_lstm,2,0.38,1,0.1555454464057446,0.1555454464057446,0.6429774062765925,0.5551115521330395,-0.2802057456885102,lstm,0.4871121416927579,0.1558652645838346
11,arima_lstm,2,0.38,1,0.1555454464057446,0.1555454464057446,0.6429774062765925,0.5551115521330395,-0.2802057456885102,lstm,0.4871121416927579,0.1558652645838346
12,arima_lstm,2,0.38,1,0.1555454464057446,0.1555454464057446,0.6429774062765925,0.5551115521330395,-0.2802057456885102,lstm,0.4871121416927579,0.1558652645838346
13,arima_lstm,2,0.38,1,0.1555454464057446,0.1555454464057446,0.6429774062765925,0.5551115521330395,-0.2802057456885102,lstm,0.4871121416927579,0.1558652645838346
14,arima_lstm,2,0.38,1,0.1555454464057446,0.1555454464057446,0.6429774062765925,0.5551115521330395,-0.2802057456885102,lstm,0.4871121416927579,0.1558652645838346
15,arima_lstm,2,0.38,1,0.1555454464057446,0.1555454464057446,0.6429774062765925,0.5551115521330395,-0.2802057456885102,lstm,0.4871121416927579,0.1558652645838346
16,arima_lstm,2,0.38,1,0.1555454464057446,0.1555454464057446,0.6429774062765925,0.5551115521330395,-0.2802057456885102,lstm,0.4871121416927579,0.1558652645838346
17,arima_lstm,2,0.38,1,0.1555454464057446,0.1555454464057446,0.6429774062765925,0.5551115521330395,-0.2802057456885102,lstm,0.4871121416927579,0.1558652645838346
18,arima_lstm,2,0.38,1,0.1555454464057446,0.1555454464057446,0.6429774062765925,0.5551115521330395,-0.2802057456885102,lstm,0.4871121416927579,0.1558652645838346
19,arima_lstm,2,0.38,1,0.1555454464057446,0.1555454464057446,0.6429774062765925,0.5551115521330395,-0.2802057456885102,lstm,0.4871121416927579,0.1558652645838346
20,arima_lstm,2,0.38,1,0.1555454464057446,0.1555454464057446,0.6429774062765925,0.5551115521330395,-0.2802057456885102,lstm,0.4871121416927579,0.1558652645838346
21,arima_lstm,2,0.38,1,0.1555454464057446,0.1555454464057446,0.6429774062765925,0.5551115521330395,-0.2802057456885102,lstm,0.4871121416927579,0.1558652645838346
22,arima_lstm,2,0.38,1,0.1555454464057446,0.1555454464057446,0.6429774062765925,0.5551115521330395,-0.2802057456885102,lstm,0.4871121416927579,0.1558652645838346
23,arima_lstm,2,0.38,1,0.1555454464057446,0.1555454464057446,0.6429774062765925,0.5551115521330395,-0.2802057456885102,lstm,0.4871121416927579,0.1558652645838346
24,arima_lstm,2,0.38,1,0.1555454464057446,0.1555454464057446,0.6429774062765925,0.5551115521330395,-0.2802057456885102,lstm,0.4871121416927579,0.1558652645838346
25,arima_lstm,2,0.38,1,0.1555454464057446,0.1555454464057446,0.6429774062765925,0.5551115521330395,-0.2802057456885102,lstm,0.4871121416927579,0.1558652645838346
26,arima_lstm,2,0.38,1,0.1555454464057446,0.1555454464057446,0.6429774062765925,0.5551115521330395,-0.2802057456885102,lstm,0.4871121416927579,0.1558652645838346
27,arima_lstm,2,0.38,1,0.1555454464057446,0.1555454464057446,0.6429774062765925,0.5551115521330395,-0.2802057456885102,lstm,0.4871121416927579,0.1558652645838346
28,arima_lstm,2,0.38,1,0.1555454464057446,0.1555454464057446,0.6429774062765925,0.5551115521330395,-0.2802057456885102,lstm,0.4871121416927579,0.1558652645838346
29,arima_lstm,2,0.38,1,0.1555454464057446,0.1555454464057446,0.6429774062765925,0.5551115521330395,-0.2802057456885102,lstm,0.4871121416927579,0.1558652645838346
0,arima_lstm,3,0.3,1,0.1032403376382546,0.1032403376382546,0.4752410910647321,0.3374337840796174,-0.3059573241009417,lstm,0.4871121416927579,-0.011871050628025792
1,arima_lstm,3,0.3,1,0.1238506041981382,0.1238506041981382,0.5411547014209833,0.433286300262755,-0.2858401110836698,lstm,0.4871121416927579,0.054042559728225414
2,arima_lstm,3,0.3,1,0.132071473104651,0.132071473104651,0.5638887367199438,0.4841365193299849,-0.2727979977371462,lstm,0.4871121416927579,0.07677659502718587
3,arima_lstm,3,0.3,1,0.1319583291580537,0.1319583291580537,0.5683159735113823,0.4928318969964036,-0.2677552527794617,lstm,0.4871121416927579,0.0812038318186244
4,arima_lstm,3,0.3,1,0.1378498479008325,0.1378498479008325,0.5833110534159917,0.5065242273812335,-0.2721485774007812,lstm,0.4871121416927579,0.09619891172323375
5,arima_lstm,3,0.3,1,0.1144465160478385,0.1144465160478385,0.5078203255358632,0.4047575335911123,-0.2827532696734258,lstm,0.4871121416927579,0.0207081838431053
6,arima_lstm,3,0.3,1,0.119301065568713,0.119301065568713,0.5250233665073866,0.4307701806784943,-0.2769482915015268,lstm,0.4871121416927579,0.03791122481462866
7,arima_lstm,3,0.3,1,0.1100967396823451,0.1100967396823451,0.496824847726012,0.3723542252140747,-0.2956774281775588,lstm,0.4871121416927579,0.009712706033254082
8,arima_lstm,3,0.3,1,0.1116891070830419,0.1116891070830419,0.4983191691895009,0.3896001642146851,-0.2866762320497812,lstm,0.4871121416927579,0.011207027496743016
9,arima_lstm,3,0.3,1,0.101530594731773,0.101530594731773,0.4688268884145644,0.3419667644403633,-0.2969019369409489,lstm,0.4871121416927579,-0.018285253278193525
10,arima_lstm,3,0.3,1,0.1289893540408737,0.1289893540408737,0.5562830066921657,0.4732839034532643,-0.2725411810959912,lstm,0.4871121416927579,0.06917086499940778
11,arima_lstm,3,0.3,1,0.1279893380857155,0.1279893380857155,0.5565336915477647,0.4532141321303604,-0.2824036785527714,lstm,0.4871121416927579,0.06942154985500676
12,arima_lstm,3,0.3,1,0.1236364009799984,0.1236364009799984,0.5425977842982254,0.4367105696922986,-0.2831083320632959,lstm,0.4871121416927579,0.055485642605467456
13,arima_lstm,3,0.3,1,0.1046920008822016,0.1046920008822016,0.4801139730192052,0.3415830686165956,-0.306490603606912,lstm,0.4871121416927579,-0.006998168673552685
14,arima_lstm,3,0.3,1,0.1037543113785355,0.1037543113785355,0.4775927065672754,0.3498004815146758,-0.296609973003089,lstm,0.4871121416927579,-0.009519435125482478
15,arima_lstm,3,0.3,1,0.1072478580668707,0.1072478580668707,0.4875357269814097,0.3578141404820279,-0.2997306308867286,lstm,0.4871121416927579,0.00042358528865177325
16,arima_lstm,3,0.3,1,0.13039908080801,0.13039908080801,0.5678339280443357,0.4979948791738943,-0.261848236319868,lstm,0.4871121416927579,0.08072178635157784
17,arima_lstm,3,0.3,1,0.1170385608022073,0.1170385608022073,0.5201196454516329,0.4207381781004012,-0.278174330008812,lstm,0.4871121416927579,0.03300750375887501
18,arima_lstm,3,0.3,1,0.1013733668086354,0.1013733668086354,0.4686034924846307,0.3415921994378565,-0.2967672182662869,lstm,0.4871121416927579,-0.018508649208127226
19,arima_lstm,3,0.3,1,0.1290478751310457,0.1290478751310457,0.5596782503347559,0.4569624439468172,-0.2824036785527714,lstm,0.4871121416927579,0.07256610864199803
20,arima_lstm,3,0.3,1,0.1225807524717237,0.1225807524717237,0.5349174799131404,0.4452650642907615,-0.2752983835975902,lstm,0.4871121416927579,0.04780533822038252
21,arima_lstm,3,0.3,1,0.1025689296134488,0.1025689296134488,0.4736754255292775,0.3451587230402903,-0.2971645297270265,lstm,0.4871121416927579,-0.013436716163480411
22,arima_lstm,3,0.3,1,0.1175433712609088,0.1175433712609088,0.5205088513550742,0.424257924576659,-0.2770563953005667,lstm,0.4871121416927579,0.03339670966231628
23,arima_lstm,3,0.3,1,0.1240356377806612,0.1240356377806612,0.5446263486346689,0.4350040213424632,-0.2851367612599894,lstm,0.4871121416927579,0.05751420694191095
24,arima_lstm,3,0.3,1,0.0980439297767057,0.0980439297767057,0.4593800722935859,0.3196571602012801,-0.3067158880938876,lstm,0.4871121416927579,-0.027732069399172
25,arima_lstm,3,0.3,1,0.1052997309230339,0.1052997309230339,0.482178955779719,0.3472290247603205,-0.3032572838509639,lstm,0.4871121416927579,-0.004933185913038929
26,arima_lstm,3,0.3,1,0.1137441230725397,0.1137441230725397,0.5079333708410991,0.3850400318157504,-0.2954085644969214,lstm,0.4871121416927579,0.020821229148341225
27,arima_lstm,3,0.3,1,0.1320860755610231,0.1320860755610231,0.5744944451638172,0.5067898344140149,-0.2606328434226588,lstm,0.4871121416927579,0.0873823034710593
28,arima_lstm,3,0.3,1,0.1132946296845927,0.1132946296845927,0.5064150852969683,0.3886252541241732,-0.2915266789337187,lstm,0.4871121416927579,0.01930294360421042
29,arima_lstm,3,0.3,1,0.1084842876087293,0.1084842876087293,0.4915761684696154,0.3657472690832263,-0.296609973003089,lstm,0.4871121416927579,0.004464026776857477
0,arima_lstm,4,0.38,1,0.1571751879451615,0.1571751879451615,0.6493186114170987,0.5651057224326731,-0.2781341290768603,lstm,0.4871121416927579,0.16220646972434077
1,arima_lstm,4,0.38,1,0.155474510048452,0.155474510048452,0.6434387721764685,0.5561328000784326,-0.2795636402429872,lstm,0.4871121416927579,0.1563266304837106
2,arima_lstm,4,0.38,1,0.155474510048452,0.155474510048452,0.6434387721764685,0.5561328000784326,-0.2795636402429872,lstm,0.4871121416927579,0.1563266304837106
3,arima_lstm,4,0.38,1,0.1566563510896355,0.1566563510896355,0.647302052839584,0.5608573665629706,-0.2793158482514944,lstm,0.4871121416927579,0.16018991114682607
4,arima_lstm,4,0.38,1,0.1557435755747236,0.1557435755747236,0.6442069349865965,0.5570952482925055,-0.2795636402429872,lstm,0.4871121416927579,0.15709479329383863
5,arima_lstm,4,0.38,1,0.1555465674986933,0.1555465674986933,0.6431376838851366,0.5552612343900047,-0.2801322294173348,lstm,0.4871121416927579,0.15602554219237869
6,arima_lstm,4,0.38,1,0.155474510048452,0.155474510048452,0.6434387721764685,0.5561328000784326,-0.2795636402429872,lstm,0.4871121416927579,0.1563266304837106
7,arima_lstm,4,0.38,1,0.1559902288596286,0.1559902288596286,0.6451848642080633,0.5582572052593894,-0.2794235835919917,lstm,0.4871121416927579,0.1580727225153054
8,arima_lstm,4,0.38,1,0.1557322160512977,0.1557322160512977,0.6441828826980218,0.557048465093922,-0.2795667267928657,lstm,0.4871121416927579,0.15707074100526391
9,arima_lstm,4,0.38,1,0.155474510048452,0.155474510048452,0.6434387721764685,0.5561328000784326,-0.2795636402429872,lstm,0.4871121416927579,0.1563266304837106
10,arima_lstm,4,0.38,1,0.155474510048452,0.155474510048452,0.6434387721764685,0.5561328000784326,-0.2795636402429872,lstm,0.4871121416927579,0.1563266304837106
11,arima_lstm,4,0.38,1,0.1559902288596286,0.1559902288596286,0.6451848642080633,0.5582572052593894,-0.2794235835919917,lstm,0.4871121416927579,0.1580727225153054
12,arima_lstm,4,0.38,1,0.1553020509265152,0.1553020509265152,0.6428421640007194,0.5554228002562008,-0.2796105072655981,lstm,0.4871121416927579,0.15573002230796146
13,arima_lstm,4,0.38,1,0.1563872855633639,0.1563872855633639,0.646534011876871,0.5598940645235198,-0.2793158482514944,lstm,0.4871121416927579,0.15942187018411308
14,arima_lstm,4,0.38,1,0.1559902288596286,0.1559902288596286,0.6451848642080633,0.5582572052593894,-0.2794235835919917,lstm,0.4871121416927579,0.1580727225153054
15,arima_lstm,4,0.38,1,0.1555465674986933,0.1555465674986933,0.6431376838851366,0.5552612343900047,-0.2801322294173348,lstm,0.4871121416927579,0.15602554219237869
16,arima_lstm,4,0.38,1,0.1573724863604026,0.1573724863604026,0.6500002388603553,0.5659235521643114,-0.278080821620781,lstm,0.4871121416927579,0.1628880971675974
17,arima_lstm,4,0.38,1,0.155474510048452,0.155474510048452,0.6434387721764685,0.5561328000784326,-0.2795636402429872,lstm,0.4871121416927579,0.1563266304837106
18,arima_lstm,4,0.38,1,0.1557435755747236,0.1557435755747236,0.6442069349865965,0.5570952482925055,-0.2795636402429872,lstm,0.4871121416927579,0.15709479329383863
19,arima_lstm,4,0.38,1,0.155474510048452,0.155474510048452,0.6434387721764685,0.5561328000784326,-0.2795636402429872,lstm,0.4871121416927579,0.1563266304837106
20,arima_lstm,4,0.38,1,0.155474510048452,0.155474510048452,0.6434387721764685,0.5561328000784326,-0.2795636402429872,lstm,0.4871121416927579,0.1563266304837106
21,arima_lstm,4,0.38,1,0.1557435755747236,0.1557435755747236,0.6442069349865965,0.5570952482925055,-0.2795636402429872,lstm,0.4871121416927579,0.15709479329383863
22,arima_lstm,4,0.38,1,0.1555465674986933,0.1555465674986933,0.6431376838851366,0.5552612343900047,-0.2801322294173348,lstm,0.4871121416927579,0.15602554219237869
23,arima_lstm,4,0.38,1,0.155474510048452,0.155474510048452,0.6434387721764685,0.5561328000784326,-0.2795636402429872,lstm,0.4871121416927579,0.1563266304837106
24,arima_lstm,4,0.38,1,0.1559902288596286,0.1559902288596286,0.6451848642080633,0.5582572052593894,-0.2794235835919917,lstm,0.4871121416927579,0.1580727225153054
25,arima_lstm,4,0.38,1,0.155474510048452,0.155474510048452,0.6434387721764685,0.5561328000784326,-0.2795636402429872,lstm,0.4871121416927579,0.1563266304837106
26,arima_lstm,4,0.38,1,0.155474510048452,0.155474510048452,0.6434387721764685,0.5561328000784326,-0.2795636402429872,lstm,0.4871121416927579,0.1563266304837106
27,arima_lstm,4,0.38,1,0.1557435755747236,0.1557435755747236,0.6442069349865965,0.5570952482925055,-0.2795636402429872,lstm,0.4871121416927579,0.15709479329383863
28,arima_lstm,4,0.38,1,0.155474510048452,0.155474510048452,0.6434387721764685,0.5561328000784326,-0.2795636402429872,lstm,0.4871121416927579,0.1563266304837106
29,arima_lstm,4,0.38,1,0.1573724863604026,0.1573724863604026,0.6500002388603553,0.5659235521643114,-0.278080821620781,lstm,0.4871121416927579,0.1628880971675974
0,arima_lstm,5,0.38,1,0.1563452193586287,0.1563452193586287,0.6469315620797264,0.5617038988024681,-0.2783409901408037,lstm,0.4871121416927579,0.15981942038696845
1,arima_lstm,5,0.38,1,0.1555107502377071,0.1555107502377071,0.6429505170752706,0.5545197252411257,-0.2804422334482065,lstm,0.4871121416927579,0.15583837538251272
2,arima_lstm,5,0.38,1,0.1538327590268038,0.1538327590268038,0.6379844671261174,0.548536349662236,-0.2804422334482065,lstm,0.4871121416927579,0.15087232543335954
3,arima_lstm,5,0.38,1,0.153656164780382,0.153656164780382,0.6374470369512024,0.5479066504751683,-0.2804422334482065,lstm,0.4871121416927579,0.1503348952584445
4,arima_lstm,5,0.38,1,0.1555107502377071,0.1555107502377071,0.6429505170752706,0.5545197252411257,-0.2804422334482065,lstm,0.4871121416927579,0.15583837538251272
5,arima_lstm,5,0.38,1,0.1538327590268038,0.1538327590268038,0.6379844671261174,0.548536349662236,-0.2804422334482065,lstm,0.4871121416927579,0.15087232543335954
6,arima_lstm,5,0.38,1,0.1530961432056063,0.1530961432056063,0.6354741090435189,0.5455188101432334,-0.2806431975561189,lstm,0.4871121416927579,0.14836196735076096
7,arima_lstm,5,0.38,1,0.1552416847114353,0.1552416847114353,0.64218321280684,0.5535602922664147,-0.2804422334482065,lstm,0.4871121416927579,0.15507107111408208
8,arima_lstm,5,0.38,1,0.156082402776106,0.156082402776106,0.6455790250297413,0.5581848237071488,-0.2796249488466826,lstm,0.4871121416927579,0.1584668833369834
9,arima_lstm,5,0.38,1,0.1561264965801674,0.1561264965801674,0.6450987231540748,0.557906161662947,-0.2798436498976857,lstm,0.4871121416927579,0.1579865814613169
10,arima_lstm,5,0.38,1,0.1549185494769913,0.1549185494769913,0.6423035247058607,0.5560824021290935,-0.2785891962843076,lstm,0.4871121416927579,0.1551913830131028
11,arima_lstm,5,0.38,1,0.1552416847114353,0.1552416847114353,0.64218321280684,0.5535602922664147,-0.2804422334482065,lstm,0.4871121416927579,0.15507107111408208
12,arima_lstm,5,0.38,1,0.1553457869549086,0.1553457869549086,0.6430598725128207,0.5551527035059494,-0.279825327290771,lstm,0.4871121416927579,0.1559477308200628
13,arima_lstm,5,0.38,1,0.1533652087318779,0.1533652087318779,0.6362427384049018,0.5464775560833263,-0.2806431975561189,lstm,0.4871121416927579,0.14913059671214385
14,arima_lstm,5,0.38,1,0.1546734770914739,0.1546734770914739,0.6413727172463853,0.5531461971809992,-0.2796249488466826,lstm,0.4871121416927579,0.15426057555362743
15,arima_lstm,5,0.38,1,0.1549425426177457,0.1549425426177457,0.6421422080067215,0.5541084343754327,-0.2796249488466826,lstm,0.4871121416927579,0.1550300663139636
16,arima_lstm,5,0.38,1,0.1546734770914739,0.1546734770914739,0.6413727172463853,0.5531461971809992,-0.2796249488466826,lstm,0.4871121416927579,0.15426057555362743
17,arima_lstm,5,0.38,1,0.156082402776106,0.156082402776106,0.6455790250297413,0.5581848237071488,-0.2796249488466826,lstm,0.4871121416927579,0.1584668833369834
18,arima_lstm,5,0.38,1,0.1538327590268038,0.1538327590268038,0.6379844671261174,0.548536349662236,-0.2804422334482065,lstm,0.4871121416927579,0.15087232543335954
19,arima_lstm,5,0.38,1,0.1558348375822273,0.1558348375822273,0.6454131650646696,0.5598702422643376,-0.2783409901408037,lstm,0.4871121416927579,0.1583010233719117
20,arima_lstm,5,0.38,1,0.1553191187710509,0.1553191187710509,0.6436634123395796,0.5577375924522696,-0.2784806347518039,lstm,0.4871121416927579,0.15655127064682167
21,arima_lstm,5,0.38,1,0.1546734770914739,0.1546734770914739,0.6413727172463853,0.5531461971809992,-0.2796249488466826,lstm,0.4871121416927579,0.15426057555362743
22,arima_lstm,5,0.38,1,0.1551891959026508,0.1551891959026508,0.6431203123598209,0.5552687617149242,-0.2794848307752006,lstm,0.4871121416927579,0.15600817066706302
23,arima_lstm,5,0.38,1,0.1533652087318779,0.1533652087318779,0.6362427384049018,0.5464775560833263,-0.2806431975561189,lstm,0.4871121416927579,0.14913059671214385
24,arima_lstm,5,0.38,1,0.1542059267965483,0.1542059267965483,0.6396243278902,0.5510792332114757,-0.279825327290771,lstm,0.4871121416927579,0.15251218619744206
25,arima_lstm,5,0.38,1,0.1553457869549086,0.1553457869549086,0.6430598725128207,0.5551527035059494,-0.279825327290771,lstm,0.4871121416927579,0.1559477308200628
26,arima_lstm,5,0.38,1,0.1552416847114353,0.1552416847114353,0.64218321280684,0.5535602922664147,-0.2804422334482065,lstm,0.4871121416927579,0.15507107111408208
27,arima_lstm,5,0.38,1,0.155144296364462,0.155144296364462,0.6418872937128036,0.5532130252168843,-0.2804422334482065,lstm,0.4871121416927579,0.15477515202004571
28,arima_lstm,5,0.38,1,0.156657936992044,0.156657936992044,0.6478868564943199,0.5628274043028869,-0.2783409901408037,lstm,0.4871121416927579,0.16077471480156197
29,arima_lstm,5,0.38,1,0.1565981215872824,0.1565981215872824,0.6473272647100397,0.5603099143267629,-0.2794848307752006,lstm,0.4871121416927579,0.16021512301728175
0,arima_xgboost,1,0.48,42,0.0626317874074815,0.0626317874074815,0.3614985565853263,0.2371725628082771,-0.2640768673487376,arima,0.4384590343218028,-0.07696047773647646
1,arima_xgboost,1,0.48,42,0.0688565068130369,0.0688565068130369,0.3836016824876559,0.2607441821933823,-0.2640768673487376,arima,0.4384590343218028,-0.05485735183414686
2,arima_xgboost,1,0.48,42,0.0626317874074815,0.0626317874074815,0.3614985565853263,0.2371725628082771,-0.2640768673487376,arima,0.4384590343218028,-0.07696047773647646
3,arima_xgboost,1,0.48,42,0.0704969484744593,0.0704969484744593,0.389530876219742,0.2674886230805421,-0.2635512032720447,arima,0.4384590343218028,-0.048928158102060804
4,arima_xgboost,1,0.48,42,0.0662893586857746,0.0662893586857746,0.374335225861152,0.2510229667267051,-0.2640768673487376,arima,0.4384590343218028,-0.0641238084606508
5,arima_xgboost,1,0.48,42,0.0671313268799391,0.0671313268799391,0.3775413763421146,0.2542113118574908,-0.2640768673487376,arima,0.4384590343218028,-0.06091765797968818
6,arima_xgboost,1,0.48,42,0.0626317874074815,0.0626317874074815,0.3614985565853263,0.2371725628082771,-0.2640768673487376,arima,0.4384590343218028,-0.07696047773647646
7,arima_xgboost,1,0.48,42,0.0671313268799391,0.0671313268799391,0.3775413763421146,0.2542113118574908,-0.2640768673487376,arima,0.4384590343218028,-0.06091765797968818
8,arima_xgboost,1,0.48,42,0.0604910403044465,0.0604910403044465,0.3542771275516507,0.2272580683585547,-0.266177745597165,arima,0.4384590343218028,-0.08418190677015208
9,arima_xgboost,1,0.48,42,0.0671548872467027,0.0671548872467027,0.3776766755023123,0.2548077429090074,-0.2635512032720447,arima,0.4384590343218028,-0.060782358819490456
10,arima_xgboost,1,0.48,42,0.0616000087003703,0.0616000087003703,0.3578382463488082,0.2332654477418572,-0.2640768673487376,arima,0.4384590343218028,-0.0806207879729946
11,arima_xgboost,1,0.48,42,0.0662427267690151,0.0662427267690151,0.3749419508029578,0.2493589599971201,-0.2656520815204721,arima,0.4384590343218028,-0.063517083518845
12,arima_xgboost,1,0.48,42,0.0599908269127651,0.0599908269127651,0.3525736640805424,0.2258247952336937,-0.2656520815204721,arima,0.4384590343218028,-0.08588537024126036
13,arima_xgboost,1,0.48,42,0.0678519085566204,0.0678519085566204,0.3800699853183621,0.2569399934111451,-0.2640768673487376,arima,0.4384590343218028,-0.05838904900344066
14,arima_xgboost,1,0.48,42,0.0671513180702272,0.0671513180702272,0.377555987157775,0.2542870140213674,-0.2640768673487376,arima,0.4384590343218028,-0.06090304716402778
15,arima_xgboost,1,0.48,42,0.0676628921953683,0.0676628921953683,0.3795272229756754,0.256735280868837,-0.2635512032720447,arima,0.4384590343218028,-0.05893181134612735
16,arima_xgboost,1,0.48,42,0.0671313268799391,0.0671313268799391,0.3775413763421146,0.2542113118574908,-0.2640768673487376,arima,0.4384590343218028,-0.06091765797968818
17,arima_xgboost,1,0.48,42,0.065542136282622,0.065542136282622,0.3724131611586058,0.2467217117497765,-0.2656520815204721,arima,0.4384590343218028,-0.06604587316319699
18,arima_xgboost,1,0.48,42,0.0688028444429194,0.0688028444429194,0.3835994542485959,0.2610606348546974,-0.2635512032720447,arima,0.4384590343218028,-0.054859580073206904
19,arima_xgboost,1,0.48,42,0.0682712791274897,0.0682712791274897,0.3816106114085403,0.2585280559138537,-0.2640768673487376,arima,0.4384590343218028,-0.056848422913262475
20,arima_xgboost,1,0.48,42,0.0666820885301733,0.0666820885301733,0.3765047678409244,0.2510128591822629,-0.2656520815204721,arima,0.4384590343218028,-0.06195426648087837
21,arima_xgboost,1,0.48,42,0.0676985119416344,0.0676985119416344,0.3795295086287636,0.2563591147581753,-0.2640768673487376,arima,0.4384590343218028,-0.058929525693039164
22,arima_xgboost,1,0.48,42,0.0616000087003703,0.0616000087003703,0.3578382463488082,0.2332654477418572,-0.2640768673487376,arima,0.4384590343218028,-0.0806207879729946
23,arima_xgboost,1,0.48,42,0.0604910403044465,0.0604910403044465,0.3542771275516507,0.2272580683585547,-0.266177745597165,arima,0.4384590343218028,-0.08418190677015208
24,arima_xgboost,1,0.48,42,0.0726729763190641,0.0726729763190641,0.3980859550553908,0.2821167190289816,-0.257598970274422,arima,0.4384590343218028,-0.04037307926641198
25,arima_xgboost,1,0.48,42,0.065542136282622,0.065542136282622,0.3724131611586058,0.2467217117497765,-0.2656520815204721,arima,0.4384590343218028,-0.06604587316319699
26,arima_xgboost,1,0.48,42,0.0655221450923335,0.0655221450923335,0.3723969123016407,0.2466464584704719,-0.2656520815204721,arima,0.4384590343218028,-0.0660621220201621
27,arima_xgboost,1,0.48,42,0.0671313268799391,0.0671313268799391,0.3775413763421146,0.2542113118574908,-0.2640768673487376,arima,0.4384590343218028,-0.06091765797968818
28,arima_xgboost,1,0.48,42,0.0671313268799391,0.0671313268799391,0.3775413763421146,0.2542113118574908,-0.2640768673487376,arima,0.4384590343218028,-0.06091765797968818
29,arima_xgboost,1,0.48,42,0.0610226056198761,0.0610226056198761,0.3562568706206919,0.2297087426178271,-0.2656520815204721,arima,0.4384590343218028,-0.08220216370111089
0,arima_xgboost,2,0.48,42,0.0696971434024005,0.0696971434024005,0.3864503719821297,0.2712490867712538,-0.2569488591907282,arima,0.4384590343218028,-0.05200866233967305
1,arima_xgboost,2,0.48,42,0.0696971434024005,0.0696971434024005,0.3864503719821297,0.2712490867712538,-0.2569488591907282,arima,0.4384590343218028,-0.05200866233967305
2,arima_xgboost,2,0.48,42,0.0696971434024005,0.0696971434024005,0.3864503719821297,0.2712490867712538,-0.2569488591907282,arima,0.4384590343218028,-0.05200866233967305
3,arima_xgboost,2,0.48,42,0.0696971434024005,0.0696971434024005,0.3864503719821297,0.2712490867712538,-0.2569488591907282,arima,0.4384590343218028,-0.05200866233967305
4,arima_xgboost,2,0.48,42,0.0696971434024005,0.0696971434024005,0.3864503719821297,0.2712490867712538,-0.2569488591907282,arima,0.4384590343218028,-0.05200866233967305
5,arima_xgboost,2,0.48,42,0.0696971434024005,0.0696971434024005,0.3864503719821297,0.2712490867712538,-0.2569488591907282,arima,0.4384590343218028,-0.05200866233967305
6,arima_xgboost,2,0.48,42,0.0696971434024005,0.0696971434024005,0.3864503719821297,0.2712490867712538,-0.2569488591907282,arima,0.4384590343218028,-0.05200866233967305
7,arima_xgboost,2,0.48,42,0.0696971434024005,0.0696971434024005,0.3864503719821297,0.2712490867712538,-0.2569488591907282,arima,0.4384590343218028,-0.05200866233967305
8,arima_xgboost,2,0.48,42,0.0696971434024005,0.0696971434024005,0.3864503719821297,0.2712490867712538,-0.2569488591907282,arima,0.4384590343218028,-0.05200866233967305
9,arima_xgboost,2,0.48,42,0.0696971434024005,0.0696971434024005,0.3864503719821297,0.2712490867712538,-0.2569488591907282,arima,0.4384590343218028,-0.05200866233967305
10,arima_xgboost,2,0.48,42,0.0696971434024005,0.0696971434024005,0.3864503719821297,0.2712490867712538,-0.2569488591907282,arima,0.4384590343218028,-0.05200866233967305
11,arima_xgboost,2,0.48,42,0.0696971434024005,0.0696971434024005,0.3864503719821297,0.2712490867712538,-0.2569488591907282,arima,0.4384590343218028,-0.05200866233967305
12,arima_xgboost,2,0.48,42,0.0696971434024005,0.0696971434024005,0.3864503719821297,0.2712490867712538,-0.2569488591907282,arima,0.4384590343218028,-0.05200866233967305
13,arima_xgboost,2,0.48,42,0.0696971434024005,0.0696971434024005,0.3864503719821297,0.2712490867712538,-0.2569488591907282,arima,0.4384590343218028,-0.05200866233967305
14,arima_xgboost,2,0.48,42,0.0696971434024005,0.0696971434024005,0.3864503719821297,0.2712490867712538,-0.2569488591907282,arima,0.4384590343218028,-0.05200866233967305
15,arima_xgboost,2,0.48,42,0.0696971434024005,0.0696971434024005,0.3864503719821297,0.2712490867712538,-0.2569488591907282,arima,0.4384590343218028,-0.05200866233967305
16,arima_xgboost,2,0.48,42,0.0696971434024005,0.0696971434024005,0.3864503719821297,0.2712490867712538,-0.2569488591907282,arima,0.4384590343218028,-0.05200866233967305
17,arima_xgboost,2,0.48,42,0.0696971434024005,0.0696971434024005,0.3864503719821297,0.2712490867712538,-0.2569488591907282,arima,0.4384590343218028,-0.05200866233967305
18,arima_xgboost,2,0.48,42,0.0696971434024005,0.0696971434024005,0.3864503719821297,0.2712490867712538,-0.2569488591907282,arima,0.4384590343218028,-0.05200866233967305
19,arima_xgboost,2,0.48,42,0.0696971434024005,0.0696971434024005,0.3864503719821297,0.2712490867712538,-0.2569488591907282,arima,0.4384590343218028,-0.05200866233967305
20,arima_xgboost,2,0.48,42,0.0696971434024005,0.0696971434024005,0.3864503719821297,0.2712490867712538,-0.2569488591907282,arima,0.4384590343218028,-0.05200866233967305
21,arima_xgboost,2,0.48,42,0.0696971434024005,0.0696971434024005,0.3864503719821297,0.2712490867712538,-0.2569488591907282,arima,0.4384590343218028,-0.05200866233967305
22,arima_xgboost,2,0.48,42,0.0696971434024005,0.0696971434024005,0.3864503719821297,0.2712490867712538,-0.2569488591907282,arima,0.4384590343218028,-0.05200866233967305
23,arima_xgboost,2,0.48,42,0.0696971434024005,0.0696971434024005,0.3864503719821297,0.2712490867712538,-0.2569488591907282,arima,0.4384590343218028,-0.05200866233967305
24,arima_xgboost,2,0.48,42,0.0696971434024005,0.0696971434024005,0.3864503719821297,0.2712490867712538,-0.2569488591907282,arima,0.4384590343218028,-0.05200866233967305
25,arima_xgboost,2,0.48,42,0.0696971434024005,0.0696971434024005,0.3864503719821297,0.2712490867712538,-0.2569488591907282,arima,0.4384590343218028,-0.05200866233967305
26,arima_xgboost,2,0.48,42,0.0696971434024005,0.0696971434024005,0.3864503719821297,0.2712490867712538,-0.2569488591907282,arima,0.4384590343218028,-0.05200866233967305
27,arima_xgboost,2,0.48,42,0.0696971434024005,0.0696971434024005,0.3864503719821297,0.2712490867712538,-0.2569488591907282,arima,0.4384590343218028,-0.05200866233967305
28,arima_xgboost,2,0.48,42,0.0696971434024005,0.0696971434024005,0.3864503719821297,0.2712490867712538,-0.2569488591907282,arima,0.4384590343218028,-0.05200866233967305
29,arima_xgboost,2,0.48,42,0.0696971434024005,0.0696971434024005,0.3864503719821297,0.2712490867712538,-0.2569488591907282,arima,0.4384590343218028,-0.05200866233967305
0,arima_xgboost,3,0.3,1,0.0600498463790792,0.0600498463790792,0.3511047010784546,0.233903232905016,-0.2567294416296694,arima,0.4384590343218028,-0.08735433324334818
1,arima_xgboost,3,0.3,1,0.061204792638829,0.061204792638829,0.3565949818992838,0.2342857763701282,-0.2612398993532445,arima,0.4384590343218028,-0.08186405242251898
2,arima_xgboost,3,0.3,1,0.0683029037382736,0.0683029037382736,0.3816783750500863,0.2614432635657954,-0.261253255512106,arima,0.4384590343218028,-0.056780659271716494
3,arima_xgboost,3,0.3,1,0.0754498644612089,0.0754498644612089,0.4096779498286229,0.3174128445544032,-0.2377026190201233,arima,0.4384590343218028,-0.028781084493179898
4,arima_xgboost,3,0.3,1,0.087492947198621,0.087492947198621,0.4543722334754581,0.368474301730939,-0.2374465377574922,arima,0.4384590343218028,0.0159131991536553
5,arima_xgboost,3,0.3,1,0.0889405492157908,0.0889405492157908,0.4593719315417192,0.3731532438625892,-0.2383485891617829,arima,0.4384590343218028,0.020912897219916404
6,arima_xgboost,3,0.3,1,0.0862475957568127,0.0862475957568127,0.4494731422772554,0.3529605822372593,-0.2443547526189122,arima,0.4384590343218028,0.011014107955452601
7,arima_xgboost,3,0.3,1,0.0876471344538438,0.0876471344538438,0.4554828987451494,0.3702615141325611,-0.2367168369069663,arima,0.4384590343218028,0.017023864423346635
8,arima_xgboost,3,0.3,1,0.0690936025223165,0.0690936025223165,0.3805610288961644,0.2660101389437518,-0.259740485068227,arima,0.4384590343218028,-0.05789800542563839
9,arima_xgboost,3,0.3,1,0.0910198627906389,0.0910198627906389,0.4684337129874743,0.3846873753858989,-0.236607356036398,arima,0.4384590343218028,0.02997467866567155
10,arima_xgboost,3,0.3,1,0.0882750376673364,0.0882750376673364,0.4578392464390613,0.3724217595642201,-0.2370297529624189,arima,0.4384590343218028,0.019380212117258544
11,arima_xgboost,3,0.3,1,0.1009562786720932,0.1009562786720932,0.5018346811802289,0.4252104428081496,-0.2374266210523047,arima,0.4384590343218028,0.06337564685842612
12,arima_xgboost,3,0.3,1,0.0730119622173659,0.0730119622173659,0.4010943631664724,0.2983788727069102,-0.2446954824750065,arima,0.4384590343218028,-0.037364671155330376
13,arima_xgboost,3,0.3,1,0.0678099777453957,0.0678099777453957,0.3771975895371322,0.2566705042725349,-0.2641907683844909,arima,0.4384590343218028,-0.06126144478467055
14,arima_xgboost,3,0.3,1,0.0898828591563658,0.0898828591563658,0.4636798719917659,0.3792469425582165,-0.2370035168907612,arima,0.4384590343218028,0.025220837669963136
15,arima_xgboost,3,0.3,1,0.0888950315726404,0.0888950315726404,0.4607687522036788,0.3777433007245372,-0.2353318547334493,arima,0.4384590343218028,0.022309717881876023
16,arima_xgboost,3,0.3,1,0.0830245680306784,0.0830245680306784,0.4372968131346215,0.3507336829754468,-0.2367168369069663,arima,0.4384590343218028,-0.0011622211871812893
17,arima_xgboost,3,0.3,1,0.0840098788718879,0.0840098788718879,0.4421966635337099,0.3536629479126976,-0.2375422117802001,arima,0.4384590343218028,0.003737629211907123
18,arima_xgboost,3,0.3,1,0.0736655405036619,0.0736655405036619,0.3983209728576005,0.2818004589979533,-0.2614102928206974,arima,0.4384590343218028,-0.04013806146420229
19,arima_xgboost,3,0.3,1,0.0674718055360334,0.0674718055360334,0.3767225558032284,0.2584480162309256,-0.2610652870159654,arima,0.4384590343218028,-0.06173647851857439
20,arima_xgboost,3,0.3,1,0.0727191583844568,0.0727191583844568,0.3993286890631601,0.2949241552027333,-0.2465690147843913,arima,0.4384590343218028,-0.039130345258642674
21,arima_xgboost,3,0.3,1,0.0837301097842373,0.0837301097842373,0.4416124856313271,0.3541817431837288,-0.2364043641312224,arima,0.4384590343218028,0.0031534513095243244
22,arima_xgboost,3,0.3,1,0.0918485959512678,0.0918485959512678,0.4699103471092073,0.3853540575770898,-0.2383485891617829,arima,0.4384590343218028,0.03145131278740454
23,arima_xgboost,3,0.3,1,0.0856628711361089,0.0856628711361089,0.4468711236512909,0.3496500752953821,-0.2449960036866615,arima,0.4384590343218028,0.008412089329488115
24,arima_xgboost,3,0.3,1,0.0934852652342539,0.0934852652342539,0.4768257110961287,0.3944467426504173,-0.2370035168907612,arima,0.4384590343218028,0.038366676774325925
25,arima_xgboost,3,0.3,1,0.0732652001740001,0.0732652001740001,0.396934809880246,0.2802689954685646,-0.2614102928206974,arima,0.4384590343218028,-0.04152422444155679
26,arima_xgboost,3,0.3,1,0.0863473241003769,0.0863473241003769,0.450362743954211,0.3636800444603671,-0.2374266210523047,arima,0.4384590343218028,0.011903709632408221
27,arima_xgboost,3,0.3,1,0.0714589110617287,0.0714589110617287,0.3907552462799968,0.2745196112874525,-0.2603053046978976,arima,0.4384590343218028,-0.04770378804180597
28,arima_xgboost,3,0.3,1,0.0790933818302572,0.0790933818302572,0.4241630930185103,0.3315618451017043,-0.238547899882738,arima,0.4384590343218028,-0.014295941303292481
29,arima_xgboost,3,0.3,1,0.0679337847641035,0.0679337847641035,0.3787601344935341,0.262321921905602,-0.258971054613384,arima,0.4384590343218028,-0.0596988998282687
0,arima_xgboost,4,0.48,42,0.068805583079796,0.068805583079796,0.383713062436539,0.2689271291411016,-0.2558521458937483,arima,0.4384590343218028,-0.054745971885263756
1,arima_xgboost,4,0.48,42,0.0610495887185438,0.0610495887185438,0.3558651236480705,0.2316678696726306,-0.263522036114947,arima,0.4384590343218028,-0.08259391067373228
2,arima_xgboost,4,0.48,42,0.0621586139981722,0.0621586139981722,0.359941340468336,0.2368621035908525,-0.2624253228179671,arima,0.4384590343218028,-0.0785176938534668
3,arima_xgboost,4,0.48,42,0.0615697797347447,0.0615697797347447,0.3578504016578873,0.2346182871134467,-0.2624253228179671,arima,0.4384590343218028,-0.08060863266391549
4,arima_xgboost,4,0.48,42,0.0601087932156945,0.0601087932156945,0.3524413279149844,0.2280977868183871,-0.263522036114947,arima,0.4384590343218028,-0.08601770640681838
5,arima_xgboost,4,0.48,42,0.0604607544551161,0.0604607544551161,0.3537754694050257,0.2294333914023927,-0.263522036114947,arima,0.4384590343218028,-0.08468356491677709
6,arima_xgboost,4,0.48,42,0.0604607544551161,0.0604607544551161,0.3537754694050257,0.2294333914023927,-0.263522036114947,arima,0.4384590343218028,-0.08468356491677709
7,arima_xgboost,4,0.48,42,0.0671077235367396,0.0671077235367396,0.377523491072439,0.2611715177413062,-0.2569488591907282,arima,0.4384590343218028,-0.06093554324936379
8,arima_xgboost,4,0.48,42,0.0676965578001671,0.0676965578001671,0.3796080181283117,0.2634631576625031,-0.2569488591907282,arima,0.4384590343218028,-0.05885101619349109
9,arima_xgboost,4,0.48,42,0.0604607544551161,0.0604607544551161,0.3537754694050257,0.2294333914023927,-0.263522036114947,arima,0.4384590343218028,-0.08468356491677709
10,arima_xgboost,4,0.48,42,0.0676965578001671,0.0676965578001671,0.3796080181283117,0.2634631576625031,-0.2569488591907282,arima,0.4384590343218028,-0.05885101619349109
11,arima_xgboost,4,0.48,42,0.0601087932156945,0.0601087932156945,0.3524413279149844,0.2280977868183871,-0.263522036114947,arima,0.4384590343218028,-0.08601770640681838
12,arima_xgboost,4,0.48,42,0.0610495887185438,0.0610495887185438,0.3558651236480705,0.2316678696726306,-0.263522036114947,arima,0.4384590343218028,-0.08259391067373228
13,arima_xgboost,4,0.48,42,0.0671077235367396,0.0671077235367396,0.377523491072439,0.2611715177413062,-0.2569488591907282,arima,0.4384590343218028,-0.06093554324936379
14,arima_xgboost,4,0.48,42,0.0621586139981722,0.0621586139981722,0.359941340468336,0.2368621035908525,-0.2624253228179671,arima,0.4384590343218028,-0.0785176938534668
15,arima_xgboost,4,0.48,42,0.0667557622973178,0.0667557622973178,0.3761696154005989,0.2598017461823651,-0.2569488591907282,arima,0.4384590343218028,-0.062289418921203876
16,arima_xgboost,4,0.48,42,0.0604607544551161,0.0604607544551161,0.3537754694050257,0.2294333914023927,-0.263522036114947,arima,0.4384590343218028,-0.08468356491677709
17,arima_xgboost,4,0.48,42,0.0606976274791224,0.0606976274791224,0.3545295914931312,0.2303322650886259,-0.263522036114947,arima,0.4384590343218028,-0.0839294428286716
18,arima_xgboost,4,0.48,42,0.0671077235367396,0.0671077235367396,0.377523491072439,0.2611715177413062,-0.2569488591907282,arima,0.4384590343218028,-0.06093554324936379
19,arima_xgboost,4,0.48,42,0.0621586139981722,0.0621586139981722,0.359941340468336,0.2368621035908525,-0.2624253228179671,arima,0.4384590343218028,-0.0785176938534668
20,arima_xgboost,4,0.48,42,0.0604607544551161,0.0604607544551161,0.3537754694050257,0.2294333914023927,-0.263522036114947,arima,0.4384590343218028,-0.08468356491677709
21,arima_xgboost,4,0.48,42,0.0676965578001671,0.0676965578001671,0.3796080181283117,0.2634631576625031,-0.2569488591907282,arima,0.4384590343218028,-0.05885101619349109
22,arima_xgboost,4,0.48,42,0.0671077235367396,0.0671077235367396,0.377523491072439,0.2611715177413062,-0.2569488591907282,arima,0.4384590343218028,-0.06093554324936379
23,arima_xgboost,4,0.48,42,0.0618066527587508,0.0618066527587508,0.3586006587837503,0.2355209173225382,-0.2624253228179671,arima,0.4384590343218028,-0.07985837553805247
24,arima_xgboost,4,0.48,42,0.0610495887185438,0.0610495887185438,0.3558651236480705,0.2316678696726306,-0.263522036114947,arima,0.4384590343218028,-0.08259391067373228
25,arima_xgboost,4,0.48,42,0.0610495887185438,0.0610495887185438,0.3558651236480705,0.2316678696726306,-0.263522036114947,arima,0.4384590343218028,-0.08259391067373228
26,arima_xgboost,4,0.48,42,0.0615697797347447,0.0615697797347447,0.3578504016578873,0.2346182871134467,-0.2624253228179671,arima,0.4384590343218028,-0.08060863266391549
27,arima_xgboost,4,0.48,42,0.0615697797347447,0.0615697797347447,0.3578504016578873,0.2346182871134467,-0.2624253228179671,arima,0.4384590343218028,-0.08060863266391549
28,arima_xgboost,4,0.48,42,0.0671077235367396,0.0671077235367396,0.377523491072439,0.2611715177413062,-0.2569488591907282,arima,0.4384590343218028,-0.06093554324936379
29,arima_xgboost,4,0.48,42,0.0610495887185438,0.0610495887185438,0.3558651236480705,0.2316678696726306,-0.263522036114947,arima,0.4384590343218028,-0.08259391067373228
0,arima_xgboost,5,0.48,42,0.0651655351490698,0.0651655351490698,0.370744774386936,0.2527010326922975,-0.2578760144143097,arima,0.4384590343218028,-0.0677142599348668
1,arima_xgboost,5,0.48,42,0.0660898346961322,0.0660898346961322,0.374040972793159,0.2562853115526703,-0.2578760144143097,arima,0.4384590343218028,-0.06441806152864377
2,arima_xgboost,5,0.48,42,0.0655010004327045,0.0655010004327045,0.3719535068186342,0.2540019108852407,-0.2578760144143097,arima,0.4384590343218028,-0.06650552750316857
3,arima_xgboost,5,0.48,42,0.0718125042306936,0.0718125042306936,0.3945284899457284,0.2857608172988705,-0.2513028374900909,arima,0.4384590343218028,-0.043930544376074354
4,arima_xgboost,5,0.48,42,0.0655142645897786,0.0655142645897786,0.3716042846067601,0.2549700543373443,-0.2569488591907282,arima,0.4384590343218028,-0.06685474971504268
5,arima_xgboost,5,0.48,42,0.0644824858826673,0.0644824858826673,0.3679470821485038,0.2509545521461267,-0.2569488591907282,arima,0.4384590343218028,-0.07051195217329898
6,arima_xgboost,5,0.48,42,0.071705025070645,0.071705025070645,0.3941634630790711,0.2853331294895244,-0.2513028374900909,arima,0.4384590343218028,-0.0442955712427317
7,arima_xgboost,5,0.48,42,0.0617883316268497,0.0617883316268497,0.3582094178611884,0.2344712136327678,-0.263522036114947,arima,0.4384590343218028,-0.0802496164606144
8,arima_xgboost,5,0.48,42,0.069359600255535,0.069359600255535,0.3851592781428042,0.2699354279057169,-0.2569488591907282,arima,0.4384590343218028,-0.05329975617899857
9,arima_xgboost,5,0.48,42,0.0654067854297295,0.0654067854297295,0.3712366074311046,0.2545517642527432,-0.2569488591907282,arima,0.4384590343218028,-0.06722242689069818
10,arima_xgboost,5,0.48,42,0.0651655351490698,0.0651655351490698,0.370744774386936,0.2527010326922975,-0.2578760144143097,arima,0.4384590343218028,-0.0677142599348668
11,arima_xgboost,5,0.48,42,0.0655010004327045,0.0655010004327045,0.3719535068186342,0.2540019108852407,-0.2578760144143097,arima,0.4384590343218028,-0.06650552750316857
12,arima_xgboost,5,0.48,42,0.0718125042306936,0.0718125042306936,0.3945284899457284,0.2857608172988705,-0.2513028374900909,arima,0.4384590343218028,-0.043930544376074354
13,arima_xgboost,5,0.48,42,0.0712236699672657,0.0712236699672657,0.3924448597750599,0.2834176910958043,-0.2513028374900909,arima,0.4384590343218028,-0.04601417454674289
14,arima_xgboost,5,0.48,42,0.0718125042306936,0.0718125042306936,0.3945284899457284,0.2857608172988705,-0.2513028374900909,arima,0.4384590343218028,-0.043930544376074354
15,arima_xgboost,5,0.48,42,0.0727368037777562,0.0727368037777562,0.3978209283741657,0.2894388479820659,-0.2513028374900909,arima,0.4384590343218028,-0.04063810594763706
16,arima_xgboost,5,0.48,42,0.0727368037777562,0.0727368037777562,0.3978209283741657,0.2894388479820659,-0.2513028374900909,arima,0.4384590343218028,-0.04063810594763706
17,arima_xgboost,5,0.48,42,0.0651655351490698,0.0651655351490698,0.370744774386936,0.2527010326922975,-0.2578760144143097,arima,0.4384590343218028,-0.0677142599348668
18,arima_xgboost,5,0.48,42,0.0727368037777562,0.0727368037777562,0.3978209283741657,0.2894388479820659,-0.2513028374900909,arima,0.4384590343218028,-0.04063810594763706
19,arima_xgboost,5,0.48,42,0.0690720619419624,0.0690720619419624,0.384602636647814,0.2748558776010081,-0.2513028374900909,arima,0.4384590343218028,-0.053856397673988754
20,arima_xgboost,5,0.48,42,0.0664385641368405,0.0664385641368405,0.3748918084137019,0.25856726644396,-0.2569488591907282,arima,0.4384590343218028,-0.06356722590810088
21,arima_xgboost,5,0.48,42,0.0603804293186449,0.0603804293186449,0.3532781196650074,0.2291285776659197,-0.263522036114947,arima,0.4384590343218028,-0.08518091465679539
22,arima_xgboost,5,0.48,42,0.0655142645897786,0.0655142645897786,0.3716042846067601,0.2549700543373443,-0.2569488591907282,arima,0.4384590343218028,-0.06685474971504268
23,arima_xgboost,5,0.48,42,0.0718125042306936,0.0718125042306936,0.3945284899457284,0.2857608172988705,-0.2513028374900909,arima,0.4384590343218028,-0.043930544376074354
24,arima_xgboost,5,0.48,42,0.0644824858826673,0.0644824858826673,0.3679470821485038,0.2509545521461267,-0.2569488591907282,arima,0.4384590343218028,-0.07051195217329898
25,arima_xgboost,5,0.48,42,0.0645767008856423,0.0645767008856423,0.3686560464404602,0.2504176320248688,-0.2578760144143097,arima,0.4384590343218028,-0.06980298788134259
26,arima_xgboost,5,0.48,42,0.0597915950552174,0.0597915950552174,0.3511920748550663,0.2268940993956826,-0.263522036114947,arima,0.4384590343218028,-0.08726695946673646
27,arima_xgboost,5,0.48,42,0.0670273984002685,0.0670273984002685,0.3769727634393127,0.2608589063651587,-0.2569488591907282,arima,0.4384590343218028,-0.06148627088249009
28,arima_xgboost,5,0.48,42,0.0597915950552174,0.0597915950552174,0.3511920748550663,0.2268940993956826,-0.263522036114947,arima,0.4384590343218028,-0.08726695946673646
29,arima_xgboost,5,0.48,42,0.0661030988532063,0.0661030988532063,0.3736864995020379,0.2572616942585421,-0.2569488591907282,arima,0.4384590343218028,-0.06477253481976486
0,xgboost_lstm,1,0.27,1,0.1063328914980261,0.1063328914980261,0.513525614762147,0.4216691573068993,-0.2521713757229697,lstm,0.4871121416927579,0.02641347306938907
1,xgboost_lstm,1,0.27,1,0.11917642666207,0.11917642666207,0.5562838818387905,0.4721083801759189,-0.2524344656149972,lstm,0.4871121416927579,0.06917174014603261
2,xgboost_lstm,1,0.27,1,0.0972218555336439,0.0972218555336439,0.4842201139539797,0.3812303098550565,-0.255021316564802,lstm,0.4871121416927579,-0.0028920277387782245
3,xgboost_lstm,1,0.27,1,0.1021195053218066,0.1021195053218066,0.4986672153500928,0.4045386792687619,-0.2524344656149972,lstm,0.4871121416927579,0.01155507365733488
4,xgboost_lstm,1,0.27,1,0.0918447466478413,0.0918447466478413,0.4644158115971157,0.3590008743894333,-0.2558343257632597,lstm,0.4871121416927579,-0.022696330095642203
5,xgboost_lstm,1,0.27,1,0.1084017986487522,0.1084017986487522,0.5202147100656122,0.4307945186705157,-0.2516322607429949,lstm,0.4871121416927579,0.033102568372854246
6,xgboost_lstm,1,0.27,1,0.1165756242563917,0.1165756242563917,0.5473129814166428,0.4606785974327289,-0.253051964875392,lstm,0.4871121416927579,0.06020083972388485
7,xgboost_lstm,1,0.27,1,0.1043784549324704,0.1043784549324704,0.5093582584994211,0.4095306347058814,-0.2548733747535967,lstm,0.4871121416927579,0.022246116806663163
8,xgboost_lstm,1,0.27,1,0.1058082826023465,0.1058082826023465,0.5137423553418169,0.4108038123233634,-0.2575640230891035,lstm,0.4871121416927579,0.026630213649058987
9,xgboost_lstm,1,0.27,1,0.113226732027746,0.113226732027746,0.5346402670247772,0.4474445874526253,-0.253051964875392,lstm,0.4871121416927579,0.04752812533201928
10,xgboost_lstm,1,0.27,1,0.1120897985764139,0.1120897985764139,0.5310863439314535,0.4429517021597097,-0.253051964875392,lstm,0.4871121416927579,0.04397420223869558
11,xgboost_lstm,1,0.27,1,0.0970846148889565,0.0970846148889565,0.4839025201864339,0.3816132441121125,-0.254405779639122,lstm,0.4871121416927579,-0.0032096215063239786
12,xgboost_lstm,1,0.27,1,0.0990344250299826,0.0990344250299826,0.489376915366679,0.3863952665401215,-0.256303411573235,lstm,0.4871121416927579,0.0022647736739210833
13,xgboost_lstm,1,0.27,1,0.1133372264754419,0.1133372264754419,0.5385511937269005,0.4519848698177396,-0.2507544699917601,lstm,0.4871121416927579,0.05143905203414262
14,xgboost_lstm,1,0.27,1,0.1213062060044762,0.1213062060044762,0.5659828262974562,0.4837648796787648,-0.2507544699917601,lstm,0.4871121416927579,0.07887068460469832
15,xgboost_lstm,1,0.27,1,0.1080290176853999,0.1080290176853999,0.520777545715847,0.4308159200071282,-0.2507544699917601,lstm,0.4871121416927579,0.033665404023089096
16,xgboost_lstm,1,0.27,1,0.0979570715061588,0.0979570715061588,0.4853907048532355,0.3834102656835751,-0.2554889116792764,lstm,0.4871121416927579,-0.0017214368395224167
17,xgboost_lstm,1,0.27,1,0.11937052405248,0.11937052405248,0.5599691565981592,0.4760454481884316,-0.2507544699917601,lstm,0.4871121416927579,0.07285701490540125
18,xgboost_lstm,1,0.27,1,0.1059390177331101,0.1059390177331101,0.5142428659805959,0.4146521155724315,-0.2554889116792764,lstm,0.4871121416927579,0.02713072428783797
19,xgboost_lstm,1,0.27,1,0.1215744429551295,0.1215744429551295,0.5670745890297861,0.4848345991962756,-0.2507544699917601,lstm,0.4871121416927579,0.07996244733702823
20,xgboost_lstm,1,0.27,1,0.1131501999044966,0.1131501999044966,0.5381632993050532,0.451239014435973,-0.2507544699917601,lstm,0.4871121416927579,0.05105115761229534
21,xgboost_lstm,1,0.27,1,0.1110936388047734,0.1110936388047734,0.5286314726552586,0.4405481727903113,-0.2521713757229697,lstm,0.4871121416927579,0.041519330962500656
22,xgboost_lstm,1,0.27,1,0.1106675172341631,0.1106675172341631,0.5290368551572262,0.4402574459510231,-0.2513700069174399,lstm,0.4871121416927579,0.0419247134644683
23,xgboost_lstm,1,0.27,1,0.1066003781616609,0.1066003781616609,0.5136025972852009,0.4236355777550216,-0.2516322607429949,lstm,0.4871121416927579,0.026490455592442952
24,xgboost_lstm,1,0.27,1,0.1099546873609826,0.1099546873609826,0.5253405734338878,0.4369657810819619,-0.2516322607429949,lstm,0.4871121416927579,0.03822843174112994
25,xgboost_lstm,1,0.27,1,0.116166009838255,0.116166009838255,0.5487413371837236,0.46213154569554,-0.2513700069174399,lstm,0.4871121416927579,0.06162919549096574
26,xgboost_lstm,1,0.27,1,0.1052115648189444,0.1052115648189444,0.5117750655949339,0.4127993554472277,-0.2548733747535967,lstm,0.4871121416927579,0.024662923902176004
27,xgboost_lstm,1,0.27,1,0.1103530782865997,0.1103530782865997,0.5254977165133223,0.4371553544312994,-0.2524344656149972,lstm,0.4871121416927579,0.03838557482056443
28,xgboost_lstm,1,0.27,1,0.1003499464284836,0.1003499464284836,0.4920777820274308,0.3987960293015696,-0.2516322607429949,lstm,0.4871121416927579,0.004965640334672894
29,xgboost_lstm,1,0.27,1,0.1104372742415942,0.1104372742415942,0.5274496835437136,0.4388836070363391,-0.2516322607429949,lstm,0.4871121416927579,0.04033754185095567
0,xgboost_lstm,2,0.24,1,0.1018065450442315,0.1018065450442315,0.4981047119716746,0.398002064432263,-0.2557940124995465,lstm,0.4871121416927579,0.010992570278916702
1,xgboost_lstm,2,0.24,1,0.1018065450442315,0.1018065450442315,0.4981047119716746,0.398002064432263,-0.2557940124995465,lstm,0.4871121416927579,0.010992570278916702
2,xgboost_lstm,2,0.24,1,0.1018065450442315,0.1018065450442315,0.4981047119716746,0.398002064432263,-0.2557940124995465,lstm,0.4871121416927579,0.010992570278916702
3,xgboost_lstm,2,0.24,1,0.1018065450442315,0.1018065450442315,0.4981047119716746,0.398002064432263,-0.2557940124995465,lstm,0.4871121416927579,0.010992570278916702
4,xgboost_lstm,2,0.24,1,0.1018065450442315,0.1018065450442315,0.4981047119716746,0.398002064432263,-0.2557940124995465,lstm,0.4871121416927579,0.010992570278916702
5,xgboost_lstm,2,0.24,1,0.1018065450442315,0.1018065450442315,0.4981047119716746,0.398002064432263,-0.2557940124995465,lstm,0.4871121416927579,0.010992570278916702
6,xgboost_lstm,2,0.24,1,0.1018065450442315,0.1018065450442315,0.4981047119716746,0.398002064432263,-0.2557940124995465,lstm,0.4871121416927579,0.010992570278916702
7,xgboost_lstm,2,0.24,1,0.1018065450442315,0.1018065450442315,0.4981047119716746,0.398002064432263,-0.2557940124995465,lstm,0.4871121416927579,0.010992570278916702
8,xgboost_lstm,2,0.24,1,0.1018065450442315,0.1018065450442315,0.4981047119716746,0.398002064432263,-0.2557940124995465,lstm,0.4871121416927579,0.010992570278916702
9,xgboost_lstm,2,0.24,1,0.1018065450442315,0.1018065450442315,0.4981047119716746,0.398002064432263,-0.2557940124995465,lstm,0.4871121416927579,0.010992570278916702
10,xgboost_lstm,2,0.24,1,0.1018065450442315,0.1018065450442315,0.4981047119716746,0.398002064432263,-0.2557940124995465,lstm,0.4871121416927579,0.010992570278916702
11,xgboost_lstm,2,0.24,1,0.1018065450442315,0.1018065450442315,0.4981047119716746,0.398002064432263,-0.2557940124995465,lstm,0.4871121416927579,0.010992570278916702
12,xgboost_lstm,2,0.24,1,0.1018065450442315,0.1018065450442315,0.4981047119716746,0.398002064432263,-0.2557940124995465,lstm,0.4871121416927579,0.010992570278916702
13,xgboost_lstm,2,0.24,1,0.1018065450442315,0.1018065450442315,0.4981047119716746,0.398002064432263,-0.2557940124995465,lstm,0.4871121416927579,0.010992570278916702
14,xgboost_lstm,2,0.24,1,0.1018065450442315,0.1018065450442315,0.4981047119716746,0.398002064432263,-0.2557940124995465,lstm,0.4871121416927579,0.010992570278916702
15,xgboost_lstm,2,0.24,1,0.1018065450442315,0.1018065450442315,0.4981047119716746,0.398002064432263,-0.2557940124995465,lstm,0.4871121416927579,0.010992570278916702
16,xgboost_lstm,2,0.24,1,0.1018065450442315,0.1018065450442315,0.4981047119716746,0.398002064432263,-0.2557940124995465,lstm,0.4871121416927579,0.010992570278916702
17,xgboost_lstm,2,0.24,1,0.1018065450442315,0.1018065450442315,0.4981047119716746,0.398002064432263,-0.2557940124995465,lstm,0.4871121416927579,0.010992570278916702
18,xgboost_lstm,2,0.24,1,0.1018065450442315,0.1018065450442315,0.4981047119716746,0.398002064432263,-0.2557940124995465,lstm,0.4871121416927579,0.010992570278916702
19,xgboost_lstm,2,0.24,1,0.1018065450442315,0.1018065450442315,0.4981047119716746,0.398002064432263,-0.2557940124995465,lstm,0.4871121416927579,0.010992570278916702
20,xgboost_lstm,2,0.24,1,0.1018065450442315,0.1018065450442315,0.4981047119716746,0.398002064432263,-0.2557940124995465,lstm,0.4871121416927579,0.010992570278916702
21,xgboost_lstm,2,0.24,1,0.1018065450442315,0.1018065450442315,0.4981047119716746,0.398002064432263,-0.2557940124995465,lstm,0.4871121416927579,0.010992570278916702
22,xgboost_lstm,2,0.24,1,0.1018065450442315,0.1018065450442315,0.4981047119716746,0.398002064432263,-0.2557940124995465,lstm,0.4871121416927579,0.010992570278916702
23,xgboost_lstm,2,0.24,1,0.1018065450442315,0.1018065450442315,0.4981047119716746,0.398002064432263,-0.2557940124995465,lstm,0.4871121416927579,0.010992570278916702
24,xgboost_lstm,2,0.24,1,0.1018065450442315,0.1018065450442315,0.4981047119716746,0.398002064432263,-0.2557940124995465,lstm,0.4871121416927579,0.010992570278916702
25,xgboost_lstm,2,0.24,1,0.1018065450442315,0.1018065450442315,0.4981047119716746,0.398002064432263,-0.2557940124995465,lstm,0.4871121416927579,0.010992570278916702
26,xgboost_lstm,2,0.24,1,0.1018065450442315,0.1018065450442315,0.4981047119716746,0.398002064432263,-0.2557940124995465,lstm,0.4871121416927579,0.010992570278916702
27,xgboost_lstm,2,0.24,1,0.1018065450442315,0.1018065450442315,0.4981047119716746,0.398002064432263,-0.2557940124995465,lstm,0.4871121416927579,0.010992570278916702
28,xgboost_lstm,2,0.24,1,0.1018065450442315,0.1018065450442315,0.4981047119716746,0.398002064432263,-0.2557940124995465,lstm,0.4871121416927579,0.010992570278916702
29,xgboost_lstm,2,0.24,1,0.1018065450442315,0.1018065450442315,0.4981047119716746,0.398002064432263,-0.2557940124995465,lstm,0.4871121416927579,0.010992570278916702
0,xgboost_lstm,3,0.2,1,0.0940583376809536,0.0940583376809536,0.461028767396224,0.3613568596707145,-0.2602921050583183,lstm,0.4871121416927579,-0.0260833742965339
1,xgboost_lstm,3,0.2,1,0.090904154843437,0.090904154843437,0.4590824966419605,0.3527658016458132,-0.2576898169247918,lstm,0.4871121416927579,-0.028029645050797414
2,xgboost_lstm,3,0.2,1,0.0735432706057042,0.0735432706057042,0.4030308750063416,0.276509484477955,-0.2659701555791208,lstm,0.4871121416927579,-0.0840812666864163
3,xgboost_lstm,3,0.2,1,0.0936259992845716,0.0936259992845716,0.468030671567497,0.3632659109266187,-0.2577340633084739,lstm,0.4871121416927579,-0.019081470125260902
4,xgboost_lstm,3,0.2,1,0.0643196236688554,0.0643196236688554,0.3637255208320893,0.2319332639893616,-0.2773195296031607,lstm,0.4871121416927579,-0.1233866208606686
5,xgboost_lstm,3,0.2,1,0.0731543798460072,0.0731543798460072,0.4017936465594374,0.2794385377209017,-0.2617905906703267,lstm,0.4871121416927579,-0.08531849513332052
6,xgboost_lstm,3,0.2,1,0.0845673094934307,0.0845673094934307,0.4360769480095287,0.3231362230412009,-0.2617079221188029,lstm,0.4871121416927579,-0.05103519368322923
7,xgboost_lstm,3,0.2,1,0.0810193870693376,0.0810193870693376,0.4177442129745021,0.3093737707348671,-0.2618818876496519,lstm,0.4871121416927579,-0.06936792871825581
8,xgboost_lstm,3,0.2,1,0.0855774961760511,0.0855774961760511,0.4413879925031193,0.3329430254857392,-0.2570334550519565,lstm,0.4871121416927579,-0.04572414918963863
9,xgboost_lstm,3,0.2,1,0.0830431805624407,0.0830431805624407,0.4308809996851795,0.3049334065996251,-0.2723321838970425,lstm,0.4871121416927579,-0.056231142007578394
10,xgboost_lstm,3,0.2,1,0.0898160622339094,0.0898160622339094,0.4470658370296042,0.344451595665247,-0.2607508961032557,lstm,0.4871121416927579,-0.04004630466315373
11,xgboost_lstm,3,0.2,1,0.096495834323776,0.096495834323776,0.4732973242696476,0.3731985937374005,-0.2585643031433149,lstm,0.4871121416927579,-0.013814817423110304
12,xgboost_lstm,3,0.2,1,0.0725720158735647,0.0725720158735647,0.4006612601808748,0.2751838534590355,-0.2637219261280822,lstm,0.4871121416927579,-0.08645088151188313
13,xgboost_lstm,3,0.2,1,0.098726446097048,0.098726446097048,0.4855941379700184,0.383787329742942,-0.2572425883970018,lstm,0.4871121416927579,-0.0015180037227395249
14,xgboost_lstm,3,0.2,1,0.0871183144778737,0.0871183144778737,0.4457694712982459,0.3383987565210646,-0.2574427736481675,lstm,0.4871121416927579,-0.041342670394512004
15,xgboost_lstm,3,0.2,1,0.058697995176614,0.058697995176614,0.3441052869050113,0.2052290086692573,-0.2860121751657946,lstm,0.4871121416927579,-0.1430068547877466
16,xgboost_lstm,3,0.2,1,0.0677960651738711,0.0677960651738711,0.3745493855956656,0.2371329323884892,-0.285898987082918,lstm,0.4871121416927579,-0.11256275609709232
17,xgboost_lstm,3,0.2,1,0.0888582740557961,0.0888582740557961,0.4441304322324728,0.3406766940549739,-0.2608287435167413,lstm,0.4871121416927579,-0.04298170946028512
18,xgboost_lstm,3,0.2,1,0.0797129370230091,0.0797129370230091,0.4140845163809297,0.3055842086217735,-0.2608542417244838,lstm,0.4871121416927579,-0.07302762531182821
19,xgboost_lstm,3,0.2,1,0.0817732929263139,0.0817732929263139,0.420944233238994,0.3134827035424769,-0.2608542417244838,lstm,0.4871121416927579,-0.06616790845376391
20,xgboost_lstm,3,0.2,1,0.0986548616003291,0.0986548616003291,0.4881263657040421,0.3868651969895104,-0.2550109505017172,lstm,0.4871121416927579,0.0010142240112842038
21,xgboost_lstm,3,0.2,1,0.0809769685292987,0.0809769685292987,0.4202654496339199,0.3094110371175884,-0.2617132513554268,lstm,0.4871121416927579,-0.06684669205883803
22,xgboost_lstm,3,0.2,1,0.0906759293092871,0.0906759293092871,0.4580925330127138,0.3518197328878485,-0.2577340633084739,lstm,0.4871121416927579,-0.029019608680044107
23,xgboost_lstm,3,0.2,1,0.0889228793530949,0.0889228793530949,0.4512228466484381,0.3450179545986744,-0.2577340633084739,lstm,0.4871121416927579,-0.03588929504431981
24,xgboost_lstm,3,0.2,1,0.0946288742996017,0.0946288742996017,0.4630171861003702,0.3633100081912432,-0.2604631641465542,lstm,0.4871121416927579,-0.024094955592387723
25,xgboost_lstm,3,0.2,1,0.0876706063217378,0.0876706063217378,0.4503152805883366,0.3303284539496245,-0.2654043430818337,lstm,0.4871121416927579,-0.03679686110442132
26,xgboost_lstm,3,0.2,1,0.0704662885048814,0.0704662885048814,0.3928874259216048,0.266898279038451,-0.2640192689092973,lstm,0.4871121416927579,-0.0942247157711531
27,xgboost_lstm,3,0.2,1,0.0850835256371063,0.0850835256371063,0.4312245260866538,0.3246297506220836,-0.2620940486017128,lstm,0.4871121416927579,-0.05588761560610411
28,xgboost_lstm,3,0.2,1,0.0770203830519826,0.0770203830519826,0.4128981739451099,0.2897600737127627,-0.2658074387720252,lstm,0.4871121416927579,-0.07421396774764799
29,xgboost_lstm,3,0.2,1,0.0851770275410603,0.0851770275410603,0.4399209351941939,0.3312541941759866,-0.2571349405943161,lstm,0.4871121416927579,-0.04719120649856401
0,xgboost_lstm,4,0.24,1,0.1001578564986311,0.1001578564986311,0.4922617276507514,0.3915995894774863,-0.2557659895207561,lstm,0.4871121416927579,0.005149585957993474
1,xgboost_lstm,4,0.24,1,0.0984644219832615,0.0984644219832615,0.4864346242723229,0.3849785585947536,-0.2557659895207561,lstm,0.4871121416927579,-0.000677517420434981
2,xgboost_lstm,4,0.24,1,0.0985744038883253,0.0985744038883253,0.4867849382598181,0.3854085684849267,-0.2557659895207561,lstm,0.4871121416927579,-0.00032720343293979326
3,xgboost_lstm,4,0.24,1,0.1019469513540161,0.1019469513540161,0.4985502081267466,0.4013434988144281,-0.2540142089137315,lstm,0.4871121416927579,0.011438066433988703
4,xgboost_lstm,4,0.24,1,0.1003634987437103,0.1003634987437103,0.4930777408132405,0.3951097821374073,-0.2540142089137315,lstm,0.4871121416927579,0.005965599120482612
5,xgboost_lstm,4,0.24,1,0.0984644219832615,0.0984644219832615,0.4864346242723229,0.3849785585947536,-0.2557659895207561,lstm,0.4871121416927579,-0.000677517420434981
6,xgboost_lstm,4,0.24,1,0.0985744038883253,0.0985744038883253,0.4867849382598181,0.3854085684849267,-0.2557659895207561,lstm,0.4871121416927579,-0.00032720343293979326
7,xgboost_lstm,4,0.24,1,0.1003634987437103,0.1003634987437103,0.4930777408132405,0.3951097821374073,-0.2540142089137315,lstm,0.4871121416927579,0.005965599120482612
8,xgboost_lstm,4,0.24,1,0.1001578564986311,0.1001578564986311,0.4922617276507514,0.3915995894774863,-0.2557659895207561,lstm,0.4871121416927579,0.005149585957993474
9,xgboost_lstm,4,0.24,1,0.1001578564986311,0.1001578564986311,0.4922617276507514,0.3915995894774863,-0.2557659895207561,lstm,0.4871121416927579,0.005149585957993474
10,xgboost_lstm,4,0.24,1,0.1019469513540161,0.1019469513540161,0.4985502081267466,0.4013434988144281,-0.2540142089137315,lstm,0.4871121416927579,0.011438066433988703
11,xgboost_lstm,4,0.24,1,0.0985744038883253,0.0985744038883253,0.4867849382598181,0.3854085684849267,-0.2557659895207561,lstm,0.4871121416927579,-0.00032720343293979326
12,xgboost_lstm,4,0.24,1,0.0985744038883253,0.0985744038883253,0.4867849382598181,0.3854085684849267,-0.2557659895207561,lstm,0.4871121416927579,-0.00032720343293979326
13,xgboost_lstm,4,0.24,1,0.1001578564986311,0.1001578564986311,0.4922617276507514,0.3915995894774863,-0.2557659895207561,lstm,0.4871121416927579,0.005149585957993474
14,xgboost_lstm,4,0.24,1,0.1001578564986311,0.1001578564986311,0.4922617276507514,0.3915995894774863,-0.2557659895207561,lstm,0.4871121416927579,0.005149585957993474
15,xgboost_lstm,4,0.24,1,0.0968809693729559,0.0968809693729559,0.4809505344194612,0.3787875376021948,-0.2557659895207561,lstm,0.4871121416927579,-0.006161607273296732
16,xgboost_lstm,4,0.24,1,0.0985744038883253,0.0985744038883253,0.4867849382598181,0.3854085684849267,-0.2557659895207561,lstm,0.4871121416927579,-0.00032720343293979326
17,xgboost_lstm,4,0.24,1,0.1001578564986311,0.1001578564986311,0.4922617276507514,0.3915995894774863,-0.2557659895207561,lstm,0.4871121416927579,0.005149585957993474
18,xgboost_lstm,4,0.24,1,0.0985744038883253,0.0985744038883253,0.4867849382598181,0.3854085684849267,-0.2557659895207561,lstm,0.4871121416927579,-0.00032720343293979326
19,xgboost_lstm,4,0.24,1,0.1019469513540161,0.1019469513540161,0.4985502081267466,0.4013434988144281,-0.2540142089137315,lstm,0.4871121416927579,0.011438066433988703
20,xgboost_lstm,4,0.24,1,0.1001578564986311,0.1001578564986311,0.4922617276507514,0.3915995894774863,-0.2557659895207561,lstm,0.4871121416927579,0.005149585957993474
21,xgboost_lstm,4,0.24,1,0.1001578564986311,0.1001578564986311,0.4922617276507514,0.3915995894774863,-0.2557659895207561,lstm,0.4871121416927579,0.005149585957993474
22,xgboost_lstm,4,0.24,1,0.0978275436960383,0.0978275436960383,0.4842076544122533,0.3824884765927774,-0.2557659895207561,lstm,0.4871121416927579,-0.0029044872805046307
23,xgboost_lstm,4,0.24,1,0.1001578564986311,0.1001578564986311,0.4922617276507514,0.3915995894774863,-0.2557659895207561,lstm,0.4871121416927579,0.005149585957993474
24,xgboost_lstm,4,0.24,1,0.0984644219832615,0.0984644219832615,0.4864346242723229,0.3849785585947536,-0.2557659895207561,lstm,0.4871121416927579,-0.000677517420434981
25,xgboost_lstm,4,0.24,1,0.1001578564986311,0.1001578564986311,0.4922617276507514,0.3915995894774863,-0.2557659895207561,lstm,0.4871121416927579,0.005149585957993474
26,xgboost_lstm,4,0.24,1,0.1001578564986311,0.1001578564986311,0.4922617276507514,0.3915995894774863,-0.2557659895207561,lstm,0.4871121416927579,0.005149585957993474
27,xgboost_lstm,4,0.24,1,0.0968809693729559,0.0968809693729559,0.4809505344194612,0.3787875376021948,-0.2557659895207561,lstm,0.4871121416927579,-0.006161607273296732
28,xgboost_lstm,4,0.24,1,0.0985744038883253,0.0985744038883253,0.4867849382598181,0.3854085684849267,-0.2557659895207561,lstm,0.4871121416927579,-0.00032720343293979326
29,xgboost_lstm,4,0.24,1,0.1002535168386464,0.1002535168386464,0.4927284866060328,0.3946768067320779,-0.2540142089137315,lstm,0.4871121416927579,0.0056163449132748955
0,xgboost_lstm,5,0.24,1,0.1050693019386146,0.1050693019386146,0.5102879917863125,0.4110625418270488,-0.2556041751496337,lstm,0.4871121416927579,0.02317585009355455
1,xgboost_lstm,5,0.24,1,0.1034157638589445,0.1034157638589445,0.503923584729455,0.4071259017406649,-0.2540142089137315,lstm,0.4871121416927579,0.01681144303669707
2,xgboost_lstm,5,0.24,1,0.1103495875412905,0.1103495875412905,0.528229882285813,0.4314001976159867,-0.2557940124995465,lstm,0.4871121416927579,0.04111774059305512
3,xgboost_lstm,5,0.24,1,0.1077650931845173,0.1077650931845173,0.5255889849638771,0.4365353991450271,-0.2468645003259295,lstm,0.4871121416927579,0.038476843271119165
4,xgboost_lstm,5,0.24,1,0.1094395706950919,0.1094395706950919,0.5254572080500581,0.4281603406165986,-0.2556041751496337,lstm,0.4871121416927579,0.03834506635730023
5,xgboost_lstm,5,0.24,1,0.1052175608414727,0.1052175608414727,0.5162695984786688,0.4229008317595084,-0.2487996072358328,lstm,0.4871121416927579,0.029157456785910918
6,xgboost_lstm,5,0.24,1,0.1045643431282046,0.1045643431282046,0.5080801400020535,0.4091317802137253,-0.2555761937476025,lstm,0.4871121416927579,0.020967998309295577
7,xgboost_lstm,5,0.24,1,0.1019792778378534,0.1019792778378534,0.499484675791584,0.3990171241792745,-0.2555761937476025,lstm,0.4871121416927579,0.012372534098826105
8,xgboost_lstm,5,0.24,1,0.1099355319582409,0.1099355319582409,0.5270445554138863,0.4301477784226222,-0.2555761937476025,lstm,0.4871121416927579,0.03993241372112838
9,xgboost_lstm,5,0.24,1,0.0878725685173498,0.0878725685173498,0.4481037376508902,0.327445650864569,-0.2683577206945214,lstm,0.4871121416927579,-0.03900840404186773
10,xgboost_lstm,5,0.24,1,0.1031895288082662,0.1031895288082662,0.5036672125132718,0.4037083069862137,-0.2556041751496337,lstm,0.4871121416927579,0.01655507082051394
11,xgboost_lstm,5,0.24,1,0.1032881905161176,0.1032881905161176,0.5038709765330637,0.4037944027962762,-0.2557940124995465,lstm,0.4871121416927579,0.01675883484030577
12,xgboost_lstm,5,0.24,1,0.1028804529040383,0.1028804529040383,0.5076320174595482,0.4138143747143658,-0.2486149809925073,lstm,0.4871121416927579,0.02051987576679032
13,xgboost_lstm,5,0.24,1,0.1038111294862138,0.1038111294862138,0.5060001587027112,0.406140194797059,-0.2556041751496337,lstm,0.4871121416927579,0.018888017009953295
14,xgboost_lstm,5,0.24,1,0.1103346242485123,0.1103346242485123,0.5281382742865778,0.4313417001842762,-0.2557940124995465,lstm,0.4871121416927579,0.041026132593819875
15,xgboost_lstm,5,0.24,1,0.104610327957592,0.104610327957592,0.5084618316989366,0.40896316115991,-0.2557940124995465,lstm,0.4871121416927579,0.021349690006178645
16,xgboost_lstm,5,0.24,1,0.1037003111113934,0.1037003111113934,0.5056496217628745,0.4057066401622197,-0.2556041751496337,lstm,0.4871121416927579,0.01853748007011663
17,xgboost_lstm,5,0.24,1,0.1038059056405451,0.1038059056405451,0.5052491014567617,0.4058628195056443,-0.2557659895207561,lstm,0.4871121416927579,0.018136959764003813
18,xgboost_lstm,5,0.24,1,0.1085706760170743,0.1085706760170743,0.5225013526823895,0.4247609646967457,-0.2556041751496337,lstm,0.4871121416927579,0.0353892109896316
19,xgboost_lstm,5,0.24,1,0.1068628516525915,0.1068628516525915,0.5222229207737916,0.4295137473882671,-0.2487996072358328,lstm,0.4871121416927579,0.035110779081033716
20,xgboost_lstm,5,0.24,1,0.1039524039347836,0.1039524039347836,0.5060173686974543,0.4064356020500045,-0.2557659895207561,lstm,0.4871121416927579,0.01890522700469638
21,xgboost_lstm,5,0.24,1,0.103895423399998,0.103895423399998,0.5115782351904394,0.4175867661298892,-0.2487996072358328,lstm,0.4871121416927579,0.02446609349768153
22,xgboost_lstm,5,0.24,1,0.1059759983291324,0.1059759983291324,0.5191731722332003,0.4262655367993543,-0.2486149809925073,lstm,0.4871121416927579,0.03206103054044235
23,xgboost_lstm,5,0.24,1,0.091438068417893,0.091438068417893,0.4646262460738068,0.3511104561415103,-0.2604253642080091,lstm,0.4871121416927579,-0.02248589561895109
24,xgboost_lstm,5,0.24,1,0.0876167228333251,0.0876167228333251,0.4474171389744799,0.32673473474787,-0.2681585809997701,lstm,0.4871121416927579,-0.03969500271827803
25,xgboost_lstm,5,0.24,1,0.1052175608414727,0.1052175608414727,0.5162695984786688,0.4229008317595084,-0.2487996072358328,lstm,0.4871121416927579,0.029157456785910918
26,xgboost_lstm,5,0.24,1,0.1034298346202131,0.1034298346202131,0.5042456010256829,0.4046927575827214,-0.2555761937476025,lstm,0.4871121416927579,0.01713345933292504
27,xgboost_lstm,5,0.24,1,0.1082822373753669,0.1082822373753669,0.5210421768443358,0.423364488680695,-0.2557659895207561,lstm,0.4871121416927579,0.03393003515157794
28,xgboost_lstm,5,0.24,1,0.1108859136143454,0.1108859136143454,0.5304578097558726,0.4338188668061915,-0.2556041751496337,lstm,0.4871121416927579,0.04334566806311474
29,xgboost_lstm,5,0.24,1,0.1043450753120804,0.1043450753120804,0.5078115660350841,0.4082291506036458,-0.2556041751496337,lstm,0.4871121416927579,0.020699424342326245
